chemical_name,hmdb,low_level,high_level,sd,reference
"1,3-Diaminopropane",HMDB0000002,0.01,0.07,,
2-Hydroxybutyric acid,HMDB0000008,9.046000000000001,84.26,,
3-Hydroxybutyric acid,HMDB0000011,34.71529411764706,185.4235294117647,,
Deoxyuridine,HMDB0000012,0.04966666666666667,0.5186666666666667,,
Deoxycytidine,HMDB0000014,0.0,0.5,,PMID: 3243806
alpha-Ketoisovaleric acid,HMDB0000019,7.832000000000001,28.150000000000002,,
p-Hydroxyphenylacetic acid,HMDB0000209,5.384666666666666,14.378222222222222,,
3-Methoxytyramine,HMDB0000022,0.0016,0.0029,,Geigy Scientific Tables
Carnosine,HMDB0000033,1.67,6.445,7.5,PMID: 9869358
Adenine,HMDB0000034,0.2966666666666667,0.53,,
Butyric acid + Isobutyric acid,HMDB0000039 HMDB0001873,0.343,9.181,,
Betaine,HMDB0000043,24.49692307692308,134.5076923076923,87.68124087,PMID: 168632
Adenosine,HMDB0000050,0.7025142857142856,1.3782,,
beta-Alanine,HMDB0000056,1.4151,6.0458,,
cAMP,HMDB0000058,0.008,0.009,,PMID: 15196297
Acetoacetic acid,HMDB0000060,1.3291999999999997,79.708,,
C0,HMDB0000062,19.0,65.0,32.52691193,http://metabolomicscentre.ca
Creatine,HMDB0000064,30.115479999999998,70.46768,24.04163056,PMID: 11326334
Epinephrine,HMDB0000068,0.0005949999999999999,0.00105,,Geigy Tables
Pipecolic acid,HMDB0000070,1.306,4.038,,
Dopamine,HMDB0000073,9.5e-06,0.00013,,https://emedicine.medscape.com/article/2088959-overview
Dimethylamine,HMDB0000087,8.745,28.89333333333333,,PMID: 9174262
Cytidine,HMDB0000089,0.16745,1.52,,
Dimethylglycine,HMDB0000092,2.0743333333333336,5.353833333333333,,
Citric acid,HMDB0000094,54.9,269.8,261.629509,PMID: 8412012
Choline,HMDB0000097,7.997142857142857,14.354285714285712,7.848885271,PMID: 21359215
Cystathionine,HMDB0000099,0.07780000000000001,0.381,,
Gamma-Aminobutyric acid,HMDB0000112,0.08700000000000001,0.132,,
Homovanillic acid,HMDB0000118,0.025,0.09563636363636364,0.05,PMID: 8890720
Glucose,HMDB0000122,4206.911764705882,5531.94705882353,1414.213562,http://metabolomicscentre.ca
Glycine,HMDB0000123,173.56923076923073,352.44615384615383,205.0609665,http://metabolomicscentre.ca
Guanidoacetic acid,HMDB0000128,0.689,3.658,,
Guanine,HMDB0000132,0.0704,0.3346,,
Guanosine,HMDB0000133,0.20566666666666666,1.276,,
Fumaric acid,HMDB0000134,0.0,4.0,2.828427125,PMID: 8412012
Glyceric acid,HMDB0000139,0.4876666666666667,17.629666666666665,,
Glutamic acid,HMDB0000148,39.573846153846155,97.80000000000001,63.63961031,http://metabolomicscentre.ca
Ethanolamine,HMDB0000149,2.147,10.408999999999999,,
Malic acid,HMDB0000156,1.1046666666666667,10.543,,
Hypoxanthine,HMDB0000157,3.9044376892142862,8.491242857142858,,
Tyrosine,HMDB0000158,59.6576923076923,88.34230769230768,31.81980515,http://metabolomicscentre.ca
Phenylalanine,HMDB0000159,57.371874999999996,79.378125,24.74873734,http://metabolomicscentre.ca
Alanine,HMDB0000161,288.0625,486.3375,268.7005769,
Proline,HMDB0000162,124.07777777777778,284.05555555555554,180.3122292,
Methylamine,HMDB0000164,0.36999999999999994,4.0,,PMID: 15380725
Threonine,HMDB0000167,113.76599999999999,183.01399999999998,98.99494937,http://metabolomicscentre.ca
Asparagine,HMDB0000168,36.10111111111111,65.34333333333332,43.13351365,
Isoleucine,HMDB0000172,48.779999999999994,87.92,42.42640687,http://metabolomicscentre.ca
Histidine,HMDB0000177,90.62815789473684,165.38678947368422,14.14213562,PMID: 14708889
Dopa,HMDB0000181,0.0062900000000000005,0.0082,0.00097,PMID: 14708889
Lysine,HMDB0000182,162.57692307692307,234.59230769230768,45.254834,PMID: 14708889
Serine,HMDB0000187,98.85000000000001,167.92142857142858,84.85281374,
Lactic acid,HMDB0000190,654.2111111111111,2813.8222222222225,1131.37085,http://metabolomicscentre.ca
Aspartic acid,HMDB0000191,9.9231924115,25.99525,,
Isocitric acid,HMDB0000193,0.0,10.0,,
Inosine,HMDB0000195,0.7741714285714286,2.835714285714286,,
Indolelactic acid,HMDB0000671,0.36966666666666664,1.955888888888889,1.71,PMID: 22626821
C2,HMDB0000201,3.0,12.5,6.717514421,http://metabolomicscentre.ca
Methylmalonic acid,HMDB0000202,0.0555,0.2851666666666666,0.1555634919,PMID: 8412012
alpha-Ketoglutaric acid,HMDB0000208,4.5275,22.25,3.818376618,
Phenylacetic acid,HMDB0000209,34.638645454545454,47.33263636363636,,
Ornithine,HMDB0000214,45.586666666666666,94.57333333333332,56.56854249,
Norepinephrine,HMDB0000216,0.00188125,0.005393749999999999,,Geigy Tables
C16,HMDB0000222,0.05,0.18,0.09192388155,
2-oxoadipic acid,HMDB0000225,4.276,34.64,,
Orotic acid,HMDB0000226,1.0719999999999998,5.8100000000000005,,
Quinolinic acid,HMDB0000232,0.3125,0.58025,,
Propionic acid,HMDB0000237,0.13,1.9033333333333333,1.2,"Geigy Scientific Tables, 8th Rev edition, pp. 165-177. Edited by C. Lentner, West Cadwell, N.J.: Medical education Div., Ciba-Geigy Corp., Basel, Switzerland c1981-1992."
Pyruvic acid,HMDB0000243,28.249166666666667,146.70416666666668,166.8772004,PMID: 688619
Taurine,HMDB0000251,63.44166666666666,124.64166666666667,70.71067812,
Succinic acid,HMDB0000254,4.9799999999999995,24.259999999999998,22.627417,PMID: 11067816
Serotonin,HMDB0000259,0.4338333333333333,1.3228333333333333,1.202081528,
5-Oxoproline,HMDB0000267,21.939999999999998,59.86666666666665,,
Sarcosine,HMDB0000271,0.4,1.0005,0.0007071067812,PMID: 10701954
Thymidine,HMDB0000273,0.04,0.22000000000000003,,
Uric acid,HMDB0000289,209.468,374.02233333333334,155.5634919,https://www.ncbi.nlm.nih.gov/books/NBK1973/
Xanthine,HMDB0000292,0.3597588425,3.758,,
Urea,HMDB0000294,3411.1,7513.075,,
Uridine,HMDB0000296,3.5700000000000003,8.909285714285714,,
Xanthosine,HMDB0000299,1.6194,1.8795333333333335,,PMID: 12675874
Uracil,HMDB0000300,0.4246666666666667,1.2133333333333334,,
Tyramine,HMDB0000306,0.005575,0.008924999999999999,0.0021,"Geigy Scientific Tables, 8th Rev edition, pp. 165-177. Edited by C. Lentner, West Cadwell, N.J.: Medical education Div., Ciba-Geigy Corp., Basel, Switzerland c1981-1992."
2-Hydroxy-3-methylvaleric acid,HMDB0000317,0.1811,0.9696,,
3-Hydroxyisobutyric acid,HMDB0000336,14.349333333333334,34.0,,
"(S)-3,4-Dihydroxybutyric acid",HMDB0000337,0.0,54.0,,
2-Hydroxyisovaleric acid,HMDB0000407,1.8396666666666668,14.22,,
3-Hydroxyphenylacetic acid,HMDB0000440,0.16572727272727272,0.8300909090909091,,
alpha-Aminobutyric acid,HMDB0000452,14.605799999999999,31.9658,,
Allantoin,HMDB0000462,0.8226666666666667,3.019666666666667,,
Methylhistidine,HMDB0000479,0.54,5.9,4.171930009,"Alan Wu, Tietz Clinical Guide to Laboratory Tests."
Caprylic acid,HMDB0000482,1.6666666666666667,9.666666666666666,,
4-Hydroxybenzoic acid,HMDB0000500,2.3217777777777777,6.771555555555555,,PMID: 19812218
alpha-Aminoadipic acid,HMDB0000510,0.18,4.040000000000001,2.192031022,
Arginine,HMDB0000517,69.44444444444444,117.55555555555556,28.28427125,PMID: 11842946
N-Acetyl-Glycine,HMDB0000532,12.5475,102.2485,,
Caproic acid,HMDB0000535,0.0,105.0,,
C5MDC,HMDB0000552,0.02,0.06,0.02828427125,
Creatinine,HMDB0000562,49.45771428571428,139.00066666666666,38.89087297,http://www.vch.ca/Locations-Services/result?res_id=601
Ethylmalonic acid,HMDB0000622,0.053,0.235,,
Cytosine,HMDB0000630,-1.05,14.9,,PMID: 7877593
Glutamine,HMDB0000641,448.94666666666666,635.9333333333333,118.7939392,PMID: 14705962
C10,HMDB0000651,0.16,0.55,0.2757716447,http://metabolomicscentre.ca
Glutaric acid,HMDB0000661,0.00643,1.14585,,
2-Hydroxyphenylacetic acid,HMDB0000669,0.21866666666666668,0.7391111111111112,,PMID: 19812218
Homoarginine,HMDB0000670,1.3538000000000001,6.2908,,
Indolelactic acid,HMDB0000671,0.5,5.0,,
Indoxyl sulfate,HMDB0000682,3.907,14.636000000000001,,
Kynurenine,HMDB0000684,1.2479,2.8670999999999998,1.48492424,http://metabolomicscentre.ca
Leucine,HMDB0000687,105.33076923076922,160.84615384615384,77.78174593,http://metabolomicscentre.ca
Malonic acid,HMDB0000691,7.318666666666668,8.606366666666666,,
2-oxoisocaproic acid,HMDB0000695,11.175,62.625,,
Methionine,HMDB0000696,17.640625,32.965625,24.74873734,
1-Methylnicotinamide,HMDB0000699,0.007,0.85,,PMID: 19812218
4-Hydroxyphenylpyruvic acid,HMDB0000707,0.07350000000000001,0.725,,
Hippuric acid,HMDB0000714,1.2462857142857142,17.99,19.09188309,PMID: 8412012
Kynurenic acid,HMDB0000715,0.016333333333333335,0.034333333333333334,,
Isovaleric acid,HMDB0000718,0.1565,1.3665,,
trans-4-Hydroxyproline,HMDB0000725,5.680000000000001,25.089999999999996,18.38477631,
2-Hydroxyisobutyric acid,HMDB0000729,0.2095,5.322,,
3-Hydroxyisovaleric acid,HMDB0000754,2.9326666666666665,9.763666666666667,,
C6,HMDB0000756,0.02,0.13,0.07778174593,
N-Acetyl-Alanine,HMDB0000766,0.2065,1.14,,
C8,HMDB0000791,0.17,0.5,0.2333452378,http://metabolomicscentre.ca
N-Acetyl-Aspartic acid,HMDB0000812,0.10600000000000001,0.2164,,
C3,HMDB0000824,0.15,0.7,0.3889087297,http://metabolomicscentre.ca
C18,HMDB0000848,0.02,0.07,0.03535533906,
Histamine,HMDB0000870,0.015262000000000001,0.19724,0.2121320344,
Valine,HMDB0000883,174.78,287.0866666666667,113.137085,http://metabolomicscentre.ca
Ribothymidine,HMDB0000273,0.102,0.298,,
Valeric acid,HMDB0000892,0.15015499999999998,0.6011,,
7-Methylguanine,HMDB0000897,0.105,0.153,,PMID: 2437827
Citrulline,HMDB0000904,27.847142857142856,45.067142857142855,11.3137085,PMID: 8595732
Trimethylamine N-Oxide,HMDB0000925,13.510124999999999,64.54875,,
Tryptophan,HMDB0000929,46.0925,72.41083333333333,9.899494937,PMID: 12622787
Threonic acid,HMDB0000943,2.044,9.706,,
N-Acetyl-Glutamic acid,HMDB0001138,0.032,0.157,,
Spermine,HMDB0001256,4.712,10.606,3.26,"Geigy Scientific Tables, 8th Rev edition, pp. 165-177. Edited by C. Lentner, West Cadwell, N.J.: Medical education Div., Ciba-Geigy Corp., Basel, Switzerland c1981-1992."
Spermidine,HMDB0001257,2.2198333333333333,4.306666666666667,0.1909188309,
N1-Acetylspermidine,HMDB0001276,0.031,0.122,,
SM C18:0,HMDB0001348,6.9,38.0,21.99102089,
Putrescine,HMDB0001414,0.09303333333333334,0.3063,0.08,"Geigy Scientific Tables, 8th Rev edition, pp. 165-177. Edited by C. Lentner, West Cadwell, N.J.: Medical education Div., Ciba-Geigy Corp., Basel, Switzerland c1981-1992."
Asymmetric dimethylarginine,HMDB0001539,110.16066666666666,110.49044444444445,0.4949747468,
Benzoic acid,HMDB0001870,10.353875,31.215375,,
Nitro-Tyrosine,HMDB0255667,-1.13,2.83,1.98,PMID: 17328930
Caffeic acid,HMDB0001964,0.5229636363636364,3.7885272727272725,,PMID: 19812218
Methionine sulfoxide,HMDB0002005,0.82600092,1.9180012400000002,0.7778174593,http://metabolomicscentre.ca
C4,HMDB0002013,0.1,0.45,0.2474873734,http://metabolomicscentre.ca
C14:1,HMDB0002014,0.02,0.24,0.1555634919,
C4OH,HMDB0013127,0.03,0.09,0.04242640687,
Picolinic acid,HMDB0002243,0.1325,0.1665,,
C12,HMDB0002250,0.057,0.19,0.0940452019,
Indole-3-propionic acid,HMDB0002302,0.19486499999999998,6.7525,,
C5:1,HMDB0002366,0.04,0.08,0.02828427125,
HPHPA,HMDB0002643,0.0175,0.45499999999999996,0.5062884553,
N-Acetyl-Serine,HMDB0002931,0.398,1.125,,
Shikimic acid,HMDB0003070,0.029111111111111112,0.07288888888888889,,PMID: 19812218
Argininic acid,HMDB0003148,2.9760000000000004,7.876666666666668,,
N2-Acetyl-Ornithine,HMDB0003357,0.3944,2.178,1.202081528,
3-Aminoisobutyric acid,HMDB0003911,0.39027666666666666,1.4406666666666668,,
N1-Methy2-pyridone-5-carboxamide,HMDB0004193,3.0100600000000006,8.990833333333333,,
N-a-Acetyarginine,HMDB0000517,0.4694,0.8644000000000001,,
Hex3Cer(d18:1/16:0),HMDB0004879,0.759,2.443,,
Hex2Cer(d18:1/18:0),HMDB0011591,0.0736161645,0.4165,,
Hex3Cer(d18:1_22:0),HMDB0004882,0.036191341,0.468,,
C18:1,HMDB0006464,0.04,0.21,0.1202081528,
C14,HMDB0005066,0.03,0.07,0.02828427125,
3-Deoxyglucosone,HMDB0245856,0.012,0.06425,,
Phenylacetylglutamine,HMDB0006344,1.0686666666666667,1.4092666666666667,,
C18:2,HMDB0006469,0.02,0.11,0.06363961031,
C10:2,HMDB0241102 HMDB0241094,0.04,0.08,0.02828427125,
Hex2Cer(d18:1/16:0),HMDB0006750,1.51,6.794,,
PC aa C32:2,HMDB0007874 HMDB0008002,1.0,13.0,8.485281374,
PC aa C36:0,HMDB0007886 HMDB0007977,1.0,11.0,7.071067812,
PC aa C36:6,HMDB0008690 HMDB0007892,0.2,3.5,2.333452378,
PC aa C38:0,HMDB0007893 HMDB0007985,1.0,10.0,6.363961031,
PC aa C38:6,HMDB0007991 HMDB0008083,35.0,170.0,95.45941546,
PC aa C40:1,HMDB0007993 HMDB0008052,0.4,1.2,0.5656854249,
PC aa C40:2,HMDB0008688 HMDB0008276,0.1,1.2,0.7778174593,
PC aa C40:6,HMDB0008057 HMDB0008089,7.0,90.0,58.68986284,
SM C16:0,HMDB0010169,60.0,190.0,91.92388155,
lysoPC a C14:0,HMDB0010379,2.565,5.903,1.669,PMID: 18953024
lysoPC a C16:0,HMDB0010382,41.0,150.0,77.07463915,http://metabolomicscentre.ca
lysoPC a C16:1,HMDB0010383,1.0,4.8,2.687005769,
lysoPC a C18:2,HMDB0010386,7.0,59.0,36.76955262,http://metabolomicscentre.ca
lysoPC a C24:0,HMDB0010405,0.07,0.42,0.2474873734,
Hex2Cer(d18:1/20:0),HMDB0011593,0.04,0.278,,
Hex2Cer(d18:1/22:0),HMDB0011594,0.114,0.636,,
Hex2Cer(d18:1/24:0),HMDB0011595,0.046305566,0.647,,
p-Cresol sulfate,HMDB0011635,1.12,105.869,,
SM C24:0,HMDB0011697,10.0988,35.39647347,,
SM C26:0,HMDB0011698,0.1764,0.542833801,,
SM C18:1,HMDB0012100 HMDB0012101,4.0,19.5,10.96015511,
SM C24:1,HMDB0012107,33.265,112.5798154,,
lysoPC a C17:0,HMDB0012108,0.9,2.6,1.202081528,http://metabolomicscentre.ca
Phenylethylamine,HMDB0012275,0.0,0.03,0.02121320344,
C3:1,HMDB0013124,0.04,0.14,0.07071067812,http://metabolomicscentre.ca
C3OH,HMDB0013125,0.02,0.1,0.05656854249,http://metabolomicscentre.ca
C4:1,HMDB0013126,0.01,0.08,0.04949747468,http://metabolomicscentre.ca
C5,HMDB0013128,0.04,0.26,0.1555634919,http://metabolomicscentre.ca
C5:1DC,HMDB0013129,0.005,0.03,0.01767766953,
C5OH,HMDB0013132,0.02,0.1,0.05656854249,
C6:1,HMDB0013161,0.01,0.035,0.01767766953,
C10:1,HMDB0013205,0.12,0.4,0.1979898987,http://metabolomicscentre.ca
C9,HMDB0006320,0.02,0.04,0.01,PMID: 9693263
C12:1,HMDB0013326,0.1,0.4,0.2121320344,
C12DC,HMDB0013327,0.0,0.2,0.1414213562,
C7DC,HMDB0013328,0.035,0.12,0.0601040764,
C14:2,HMDB0013331,0.012,0.08,0.04808326112,PMID: 12834252
C14:2OH,HMDB0013332,0.005,0.02,0.01060660172,
C16:2,HMDB0013334,0.0,0.01,0.007071067812,PMID: 21359215
C16:2OH,HMDB0013335,0.0,0.03,0.02121320344,
C16OH,HMDB0013336,0.005,0.02,0.01060660172,
C18:1OH,HMDB0013340,0.0,0.023,0.01626345597,
PC ae C36:0,HMDB0013406 HMDB0013417,0.58,1.0,0.21,PMID: 8257730
PC ae C40:6,HMDB0013422,4.11,6.69,1.29,PMID: 6656991
SM C26:1,HMDB0013461,0.3056,0.916553356,,
SM(OH) C14:1,HMDB0013462,3.02,9.815,4.8047905785000005,PMID: 8087979
SM(OH) C16:1,HMDB0013463,13.24,19.96,3.36,PMID: 8087979
SM C16:1,HMDB0240613,13.24,19.96,3.36,PMID: 8087979
SM C20:2,HMDB0013465,0.24,0.46,0.11,PMID: 8087979
SM(OH) C22:1,HMDB0013466,5.9,25.0,13.50573952,PMID: 8087979
SM(OH) C22:2,HMDB0013467,4.8,25.0,14.28355698,PMID: 8087979
SM(OH) C24:1,HMDB0013469,0.7,3.6,2.050609665,
Para-hydroxyhippuric acid,HMDB0000714,0.0175,0.40499999999999997,0.4143645738,
lysoPC a C26:0,HMDB0029205,0.16,0.3,0.07,PMID: 28278231
lysoPC a C28:0,HMDB0029206,0.16,0.3,0.07,PMID: 28278231
lysoPC a C26:1,HMDB0029220,0.07,0.15,0.04,PMID: 28278231
lysoPC a C28:1,HMDB0029221,0.25,0.47,0.11,PMID: 28278231
N-Acetyl-Histidine,HMDB0032055,4.202,24.75,,
Diacetylspermine,HMDB0002172,0.046,0.05,0.002828427125,
2-hydroxyglutaric acid,HMDB0059655,0.14300000000000002,0.8503666666666666,,
N-Acetyl-Proline,HMDB0094701,0.011,0.1713,,
cis-4-Hydroxyproline,HMDB0240251,0.0,0.1,0.07071067812,
Hex2Cer(d18:1/24:1),HMDB0004872,0.1825,1.024,,
DG(14:0_18:1),HMDB0007014,0.042581884,0.335,,
DG(14:0_18:2),HMDB0007016,0.142531103,1.483,,
DG(14:0_20:0),HMDB0007020,0.191564743,10.8375,,
DG(16:0_16:0),HMDB0007098,2.4752,5.232892812,,
DG(16:0_16:1),HMDB0007099,0.085253742,1.714,,
DG(16:0_18:1),HMDB0007101,0.310282483,9.498,,
DG(16:0_18:2),HMDB0007103,0.522,4.93,,
DG(16:1_18:1),HMDB0007130,0.29472804750000003,4.1201,,
DG(16:1_18:2),HMDB0007132,0.084876594,2.084,,
DG(17:0_18:1),HMDB0295723,0.101208909,1.375,,
DG(16:1_20:0),HMDB0007136,0.145246947,0.431,,
DG(18:1_18:1),HMDB0007188,0.659,9.026,,
DG(18:1_18:2),HMDB0007190,1.759,19.834,,
DG(18:1_18:3),HMDB0007191,0.146877864,1.665,,
DG(18:1_20:3),HMDB0007197,0.037546003,0.561,,
DG(18:1_20:4),HMDB0007199,0.28635691,0.778204812,,
DG(18:1_22:6),HMDB0007208,0.129840752,1.568,,
DG(18:2_18:2),HMDB0007248,0.609,20.118,,
DG(17:0_17:1),NOID00000,0.074169108,0.31297504,,
Hex2Cer(d18:1/14:0),HMDB0341522,0.083,0.647,,
HexCer(d18:1/23:0),HMDB0341524,0.671,3.413,,
HexCer(d18:2/16:0),HMDB0341525,0.004960597,0.2365,,
HexCer(d18:2/18:0),HMDB0341526,0.007362686,0.06717,,
HexCer(d18:2/20:0),HMDB0341527,0.007236434,0.113,,
HexCer(d18:2/22:0),HMDB0341528,0.110797092,1.308,,
HexCer(d18:2/23:0),HMDB0341529,0.052036491,0.891,,
HexCer(d18:2/24:0),HMDB0341530,0.179375071,1.773,,
HexCer(d16:1/22:0),HMDB0341523,0.0536,0.514365929,,
HexCer(d18:1/16:0),HMDB0004971,0.3743,2.564590485,,
Indole,HMDB0000738,6.319,11.34,,
PC aa C28:1,HMDB0007867 HMDB0007899,1.604,5.379521423,,
PC aa C30:0,HMDB0007869 HMDB0007934 HMDB0007965,2.3486,10.91812908,,
PC aa C32:0,HMDB0000564 HMDB0007871 HMDB0008031,8.0183,28.47139882,,
PC aa C32:1,HMDB0007872 HMDB0007873 HMDB0007904 HMDB0007969 HMDB0008001 HMDB0008032 HMDB0008064 HMDB0008097,9.9217,47.6778614,,
PC aa C32:3,HMDB0007875 HMDB0007876 HMDB0007907 HMDB0008131 HMDB0008163 HMDB0008196,0.2426,1.195186854,,
PC aa C34:1,HMDB0007879 HMDB0007911 HMDB0007971 HMDB0007972 HMDB0008003 HMDB0008035 HMDB0008067 HMDB0008100 HMDB0008263 HMDB0008295,129.3112,520.2187114,,
PC aa C34:2,HMDB0007880 HMDB0007912 HMDB0007973 HMDB0008004 HMDB0008005 HMDB0008068 HMDB0008101 HMDB0008133 HMDB0008296 HMDB0008328,178.767,541.992,,
PC aa C34:3,HMDB0007881 HMDB0007882 HMDB0007913 HMDB0007974 HMDB0007975 HMDB0008006 HMDB0008134 HMDB0008166 HMDB0008199 HMDB0008329 HMDB0008361 HMDB0008394,6.446,31.569,,
PC aa C34:4,HMDB0007883 HMDB0007884 HMDB0007914 HMDB0007915 HMDB0007976 HMDB0008007 HMDB0008008 HMDB0008167 HMDB0008200 HMDB0008232 HMDB0008362 HMDB0008395 HMDB0008426 HMDB0008459,0.523,4.518,,
PC aa C36:1,HMDB0007887 HMDB0007919 HMDB0007978 HMDB0008010 HMDB0008037 HMDB0008038 HMDB0008069 HMDB0008102 HMDB0008266 HMDB0008298 HMDB0008526 HMDB0008558,18.126,73.655,,
PC aa C36:2,HMDB0000593 HMDB0007888 HMDB0007920 HMDB0007979 HMDB0008011 HMDB0008039 HMDB0008070 HMDB0008071 HMDB0008103 HMDB0008135 HMDB0008299 HMDB0008331 HMDB0008559 HMDB0008590,119.126,324.855,,
PC aa C36:3,HMDB0007921 HMDB0007980 HMDB0007981 HMDB0008012 HMDB0008040 HMDB0008041 HMDB0008072 HMDB0008105 HMDB0008136 HMDB0008137 HMDB0008168 HMDB0008201 HMDB0008332 HMDB0008364 HMDB0008397 HMDB0008591,57.976,223.295,,
PC aa C36:4,HMDB0007889 HMDB0007982 HMDB0007983 HMDB0008013 HMDB0008014 HMDB0008042 HMDB0008073 HMDB0008074 HMDB0008106 HMDB0008107 HMDB0008138 HMDB0008169 HMDB0008170 HMDB0008202 HMDB0008203 HMDB0008234 HMDB0008365 HMDB0008398 HMDB0008429 HMDB0008462 HMDB0008623,81.423,383.38,,
PC aa C36:5,HMDB0007890 HMDB0007891 HMDB0007922 HMDB0007984 HMDB0008015 HMDB0008016 HMDB0008075 HMDB0008108 HMDB0008140 HMDB0008141 HMDB0008171 HMDB0008204 HMDB0008235 HMDB0008236 HMDB0008430 HMDB0008463 HMDB0008495 HMDB0008624 HMDB0008656 HMDB0008689,3.949,92.562,,
PC aa C38:1,HMDB0007894 HMDB0007926 HMDB0007986 HMDB0008018 HMDB0008044 HMDB0008076 HMDB0008109 HMDB0008268 HMDB0008269 HMDB0008300 HMDB0008529 HMDB0008561 HMDB0008756 HMDB0008788,0.01950736,3.853,,
PC aa C38:3,HMDB0008020 HMDB0008046 HMDB0008047 HMDB0008078 HMDB0008111 HMDB0008144 HMDB0008175 HMDB0008208 HMDB0008271 HMDB0008272 HMDB0008303 HMDB0008334 HMDB0008335 HMDB0008366 HMDB0008399 HMDB0008594,19.991,72.592,,
PC aa C38:4,HMDB0007988 HMDB0008048 HMDB0008049 HMDB0008079 HMDB0008080 HMDB0008112 HMDB0008113 HMDB0008145 HMDB0008176 HMDB0008209 HMDB0008241 HMDB0008273 HMDB0008304 HMDB0008305 HMDB0008336 HMDB0008367 HMDB0008368 HMDB0008400 HMDB0008401 HMDB0008431 HMDB0008464 HMDB0008626,45.278,195.177,,
PC aa C38:5,HMDB0007989 HMDB0007990 HMDB0008021 HMDB0008050 HMDB0008081 HMDB0008082 HMDB0008114 HMDB0008115 HMDB0008139 HMDB0008146 HMDB0008177 HMDB0008210 HMDB0008242 HMDB0008306 HMDB0008337 HMDB0008338 HMDB0008369 HMDB0008402 HMDB0008432 HMDB0008433 HMDB0008465 HMDB0008466 HMDB0008497 HMDB0008627 HMDB0008659 HMDB0008692,23.225,102.365,,
PC aa C40:3,HMDB0008086 HMDB0008119 HMDB0008151 HMDB0008183 HMDB0008216 HMDB0008277 HMDB0008278 HMDB0008309 HMDB0008341 HMDB0008373 HMDB0008406 HMDB0008534 HMDB0008535 HMDB0008565 HMDB0008596 HMDB0008597,0.193,0.639,,
PC aa C40:4,HMDB0008054 HMDB0008152 HMDB0008184 HMDB0008217 HMDB0008249 HMDB0008279 HMDB0008280 HMDB0008310 HMDB0008311 HMDB0008342 HMDB0008374 HMDB0008438 HMDB0008471 HMDB0008536 HMDB0008566 HMDB0008567 HMDB0008598 HMDB0008628 HMDB0011201,1.175,6.046,,
PC aa C40:5,HMDB0008055 HMDB0008056 HMDB0008087 HMDB0008120 HMDB0008185 HMDB0008218 HMDB0008250 HMDB0008281 HMDB0008312 HMDB0008313 HMDB0008343 HMDB0008344 HMDB0008375 HMDB0008407 HMDB0008439 HMDB0008472 HMDB0008504 HMDB0008568 HMDB0008599 HMDB0008600 HMDB0008629 HMDB0008630 HMDB0008661 HMDB0008694,3.342,16.795,,
PC aa C42:0,HMDB0008058 HMDB0008282 HMDB0008537 HMDB0008760,0.188,1.142,,
PC aa C42:1,HMDB0008059 HMDB0008091 HMDB0008124 HMDB0008283 HMDB0008315 HMDB0008538 HMDB0008569 HMDB0008761 HMDB0008762 HMDB0008793,0.116,0.632,,
PC aa C42:2,HMDB0008092 HMDB0008125 HMDB0008157 HMDB0008284 HMDB0008316 HMDB0008348 HMDB0008539 HMDB0008570 HMDB0008602 HMDB0008763 HMDB0008794 HMDB0008795,0.070678324,0.485,,
PC aa C42:4,HMDB0008191 HMDB0008224 HMDB0008256 HMDB0008285 HMDB0008350 HMDB0008382 HMDB0008414 HMDB0008446 HMDB0008479 HMDB0008542 HMDB0008543 HMDB0008572 HMDB0008573 HMDB0008604 HMDB0008635 HMDB0008766 HMDB0008797 HMDB0008798,0.0704,0.268,,
PC aa C42:5,HMDB0008257 HMDB0008286 HMDB0008287 HMDB0008318 HMDB0008383 HMDB0008415 HMDB0008447 HMDB0008480 HMDB0008512 HMDB0008544 HMDB0008574 HMDB0008575 HMDB0008605 HMDB0008606 HMDB0008636 HMDB0008668 HMDB0008701 HMDB0008799,0.134,0.4814,,
PC aa C42:6,HMDB0008288 HMDB0008319 HMDB0008320 HMDB0008351 HMDB0008448 HMDB0008481 HMDB0008513 HMDB0008576 HMDB0008607 HMDB0008608 HMDB0008637 HMDB0008669 HMDB0008702 HMDB0008734,0.173,0.7607,,
PC ae C30:0,HMDB0013341,0.081330654,0.6728,,
PC ae C30:1,HMDB0013402 HMDB0013403,0.015001644,0.782,,
PC ae C30:2,HMDB0013410,0.05576,0.169,,
PC ae C32:1,HMDB0013404,1.307,4.428,,
PC ae C32:2,HMDB0013411,0.3826,1.315,,
PC ae C34:0,HMDB0013405,0.576,2.558,,
PC ae C34:1,HMDB0013412 HMDB0013424 HMDB0013426,3.753,14.078,,
PC ae C34:2,HMDB0011151,4.971,18.392,,
PC ae C34:3,HMDB0013413,3.469,15.486,,
PC ae C36:1,HMDB0013414 HMDB0013427,1.671102797,13.544,,
PC ae C36:2,HMDB0013418 HMDB0013428,4.441,20.481,,
PC ae C36:3,HMDB0013425 HMDB0013429 HMDB0039527,3.397,12.43,,
PC ae C36:4,HMDB0013407 HMDB0013435,6.549,42.343,,
PC ae C36:5,HMDB0013415 HMDB0039528,3.349,23.464,,
PC ae C38:0,HMDB0013408 HMDB0013419,0.392857292,4.724,,
PC ae C38:1,HMDB0013416 HMDB0013430,0.005105077,1.59,,
PC ae C38:2,HMDB0013431 HMDB0013436,0.623,2.62,,
PC ae C38:3,HMDB0013439 HMDB0013440,1.395,6.066,,
PC ae C38:4,HMDB0013420,5.013,23.367,,
PC ae C38:5,HMDB0013432,7.958,36.974,,
PC ae C38:6,HMDB0013409,2.651,15.97,,
PC ae C40:1,HMDB0013433,0.497,2.494,,
PC ae C40:2,HMDB0013437,0.876,3.306,,
PC ae C40:3,HMDB0013445 HMDB0013446,0.491,1.355,,
PC ae C40:4,HMDB0013442,1.191,3.895,,
PC ae C40:5,HMDB0013444,1.645,6.185,,
PC ae C42:0,HMDB0013423 HMDB0013443,0.1803,0.58644136,,
PC ae C42:1,HMDB0013434 HMDB0013447,0.191,0.801,,
PC ae C42:2,HMDB0013438,0.226,1.146,,
PC ae C42:3,HMDB0013458 HMDB0013459,0.339,1.629,,
PC ae C42:4,HMDB0013448 HMDB0013454,0.409,1.452,,
PC ae C42:5,HMDB0013451,0.939,3.641,,
PC ae C44:3,HMDB0013449 HMDB0013452,0.037994846,0.221,,
PC ae C44:4,HMDB0013453 HMDB0013455 HMDB0013460,0.062723761,0.548,,
PC ae C44:5,HMDB0013456,0.539,2.339,,
PC ae C44:6,HMDB0013450 HMDB0013457,0.487,2.499,,
TG(14:0_32:2),HMDB0042076 HMDB0042280 HMDB0042281 HMDB0042309 HMDB0042338 HMDB0042368 HMDB0042511,0.080160642,18.583,,
TG(14:0_34:0),HMDB0042065 HMDB0042124 HMDB0042153 HMDB0042181 HMDB0099287 HMDB0099288 HMDB0099395 HMDB0099396 HMDB0099397 HMDB0099398 HMDB0099399 HMDB0099400 HMDB0099401 HMDB0099402 HMDB0099549 HMDB0099550 HMDB0099551 HMDB0099552 HMDB0099553 HMDB0099554 HMDB0099555 HMDB0099556 HMDB0099557 HMDB0099558 HMDB0099559 HMDB0099560 HMDB0099561 HMDB0099562 HMDB0099563 HMDB0099564 HMDB0099565 HMDB0099566 HMDB0099655 HMDB0099656 HMDB0099657 HMDB0099658 HMDB0099659 HMDB0099660 HMDB0099661 HMDB0099794 HMDB0099795 HMDB0099796 HMDB0099797 HMDB0099798 HMDB0099799 HMDB0099800 HMDB0099801 HMDB0099802 HMDB0099803 HMDB0099804 HMDB0099805 HMDB0099920 HMDB0099921 HMDB0099922 HMDB0099923 HMDB0099924 HMDB0099925 HMDB0099926 HMDB0100049 HMDB0100050 HMDB0100051 HMDB0100052 HMDB0100053 HMDB0100054 HMDB0100055 HMDB0100056 HMDB0100057 HMDB0100058 HMDB0100059 HMDB0100060 HMDB0100061 HMDB0100062 HMDB0100063 HMDB0100064 HMDB0100065 HMDB0100066 HMDB0100188 HMDB0100189 HMDB0100190 HMDB0100191 HMDB0100192 HMDB0100193 HMDB0100194 HMDB0100288 HMDB0100289 HMDB0100290 HMDB0100291 HMDB0100292 HMDB0100293 HMDB0100294 HMDB0100295 HMDB0100296 HMDB0100297 HMDB0100298 HMDB0100299 HMDB0100400 HMDB0100401 HMDB0100402 HMDB0100403 HMDB0100507 HMDB0100508 HMDB0100509 HMDB0100510 HMDB0100511 HMDB0100512 HMDB0100513 HMDB0100514 HMDB0100515 HMDB0100516 HMDB0100517 HMDB0100518 HMDB0100519 HMDB0100520 HMDB0100521 HMDB0100522 HMDB0100523 HMDB0100524 HMDB0100665 HMDB0100666 HMDB0100667 HMDB0100668 HMDB0100669 HMDB0100670 HMDB0100671 HMDB0100672 HMDB0100770 HMDB0100771,0.163638707,27.106,,
TG(14:0_34:1),HMDB0042072 HMDB0042130 HMDB0042131 HMDB0042159 HMDB0042188 HMDB0042275 HMDB0042304 HMDB0042333 HMDB0042363 HMDB0042391,0.63,128.912,,
TG(14:0_34:2),HMDB0042078 HMDB0042136 HMDB0042282 HMDB0042310 HMDB0042311 HMDB0042339 HMDB0042369 HMDB0042398 HMDB0042513 HMDB0042571,0.6771,84.618,,
TG(14:0_34:3),HMDB0042073 HMDB0042079 HMDB0042137 HMDB0042144 HMDB0042288 HMDB0042316 HMDB0042421 HMDB0042519 HMDB0042543 HMDB0042578 HMDB0042601 HMDB0042753,0.2169,19.48,,
TG(14:0_35:1),HMDB0042102 HMDB0042392,0.130590048,4.487,,
TG(14:0_35:2),HMDB0042108 HMDB0042572,0.060238124,3.824,,
TG(14:0_36:1),HMDB0042074 HMDB0042132 HMDB0042160 HMDB0042161 HMDB0042189 HMDB0042218 HMDB0042276 HMDB0042305 HMDB0042334 HMDB0042364 HMDB0042393 HMDB0042451,0.11499165,21.271,,
TG(14:0_36:2),HMDB0042081 HMDB0042138 HMDB0042166 HMDB0042284 HMDB0042312 HMDB0042340 HMDB0042341 HMDB0042370 HMDB0042371 HMDB0042399 HMDB0042458 HMDB0042514 HMDB0042573,2.201,83.633,,
TG(14:0_36:3),HMDB0042133 HMDB0042139 HMDB0042167 HMDB0042174 HMDB0042291 HMDB0042318 HMDB0042346 HMDB0042376 HMDB0042423 HMDB0042520 HMDB0042521 HMDB0042544 HMDB0042579 HMDB0042603 HMDB0042668 HMDB0042754,2.825,94.166,,
TG(14:0_36:4),HMDB0042082 HMDB0042140 HMDB0042146 HMDB0042175 HMDB0042313 HMDB0042319 HMDB0042347 HMDB0042354 HMDB0042377 HMDB0042384 HMDB0042429 HMDB0042526 HMDB0042550 HMDB0042551 HMDB0042609 HMDB0042633 HMDB0042691 HMDB0042760 HMDB0042761 HMDB0042784 HMDB0042813,1.13,47.78,,
TG(14:0_38:4),HMDB0042142 HMDB0042170 HMDB0042176 HMDB0042205 HMDB0042343 HMDB0042349 HMDB0042373 HMDB0042379 HMDB0042407 HMDB0042414 HMDB0042430 HMDB0042431 HMDB0042528 HMDB0042552 HMDB0042586 HMDB0042610 HMDB0042611 HMDB0042634 HMDB0042693 HMDB0042762 HMDB0042785 HMDB0042814,0.036633486,4.093,,
TG(14:0_38:5),HMDB0042143 HMDB0042148 HMDB0042177 HMDB0042322 HMDB0042350 HMDB0042356 HMDB0042380 HMDB0042386 HMDB0042415 HMDB0042436 HMDB0042523 HMDB0042529 HMDB0042558 HMDB0042587 HMDB0042594 HMDB0042616 HMDB0042640 HMDB0042641 HMDB0042699 HMDB0042723 HMDB0042768 HMDB0042792 HMDB0042820 HMDB0042821 HMDB0042844 HMDB0042873,0.14,5.091,,
TG(16:0_28:1),HMDB0043834,0.105513472,18.54,,
TG(16:0_28:2),HMDB0044030,0.061114452,7.147,,
TG(16:0_30:2),HMDB0044031 HMDB0044058,0.09253175,26.8,,
TG(16:0_32:0),HMDB0005356 HMDB0010413 HMDB0103528 HMDB0103529 HMDB0103584 HMDB0103585 HMDB0103586 HMDB0103587 HMDB0103676 HMDB0103677 HMDB0103678 HMDB0103679 HMDB0103680 HMDB0103681 HMDB0103682 HMDB0103683 HMDB0103826 HMDB0103827 HMDB0103828 HMDB0103829 HMDB0103830 HMDB0103831 HMDB0103832 HMDB0103833 HMDB0103834 HMDB0103835 HMDB0103836 HMDB0103837 HMDB0103959 HMDB0103960 HMDB0103961 HMDB0103962 HMDB0103963 HMDB0103964 HMDB0103965 HMDB0104092 HMDB0104093 HMDB0104094 HMDB0104095 HMDB0104096 HMDB0104097 HMDB0104098 HMDB0104099 HMDB0104100 HMDB0104101 HMDB0104102 HMDB0104103 HMDB0104104 HMDB0104105 HMDB0104106 HMDB0104107 HMDB0104108 HMDB0104109 HMDB0104209 HMDB0104210 HMDB0104211 HMDB0104212 HMDB0104213 HMDB0104329 HMDB0104330 HMDB0104331 HMDB0104332 HMDB0104333 HMDB0104334 HMDB0104335 HMDB0104336 HMDB0104337 HMDB0104338 HMDB0104339 HMDB0104340 HMDB0104341 HMDB0104342 HMDB0104343 HMDB0104344 HMDB0104345 HMDB0104346 HMDB0104477 HMDB0104478 HMDB0104479 HMDB0104480 HMDB0104481 HMDB0104482 HMDB0104483 HMDB0104484 HMDB0104578 HMDB0104579 HMDB0104580 HMDB0104581 HMDB0104582 HMDB0104583 HMDB0104584 HMDB0104585 HMDB0104586 HMDB0104587 HMDB0104588 HMDB0104589 HMDB0104686 HMDB0104687 HMDB0104688 HMDB0104689 HMDB0104690 HMDB0104691 HMDB0104692 HMDB0104693 HMDB0104969 HMDB0104970 HMDB0104971 HMDB0104972 HMDB0105078 HMDB0105079,0.416131487,155.72,,
TG(16:0_32:1),HMDB0005359 HMDB0010414 HMDB0043836 HMDB0043918 HMDB0044026 HMDB0044053,0.6533,213.022,,
TG(16:0_32:2),HMDB0005376 HMDB0010415 HMDB0044032 HMDB0044033 HMDB0044086 HMDB0044114,0.6605,101.803,,
TG(16:0_32:3),HMDB0043843 HMDB0043850 HMDB0044038 HMDB0044254,0.1019,18.784,,
TG(16:0_33:1),HMDB0043864 HMDB0043865,0.227913015,32.362,,
TG(16:0_33:2),HMDB0043870,0.076093615,14.416,,
TG(16:0_34:0),HMDB0005357 HMDB0043831 HMDB0043913 HMDB0103588 HMDB0103589 HMDB0103696 HMDB0103697 HMDB0103698 HMDB0103699 HMDB0103700 HMDB0103701 HMDB0103702 HMDB0103703 HMDB0103850 HMDB0103851 HMDB0103852 HMDB0103853 HMDB0103854 HMDB0103855 HMDB0103856 HMDB0103857 HMDB0103858 HMDB0103859 HMDB0103860 HMDB0103861 HMDB0103862 HMDB0103863 HMDB0103864 HMDB0103865 HMDB0103866 HMDB0103867 HMDB0103974 HMDB0103975 HMDB0103976 HMDB0103977 HMDB0103978 HMDB0103979 HMDB0103980 HMDB0104121 HMDB0104122 HMDB0104123 HMDB0104124 HMDB0104125 HMDB0104126 HMDB0104127 HMDB0104128 HMDB0104129 HMDB0104130 HMDB0104131 HMDB0104132 HMDB0104226 HMDB0104227 HMDB0104228 HMDB0104229 HMDB0104230 HMDB0104231 HMDB0104232 HMDB0104353 HMDB0104354 HMDB0104355 HMDB0104356 HMDB0104357 HMDB0104358 HMDB0104359 HMDB0104360 HMDB0104361 HMDB0104362 HMDB0104363 HMDB0104364 HMDB0104365 HMDB0104366 HMDB0104367 HMDB0104368 HMDB0104369 HMDB0104370 HMDB0104497 HMDB0104498 HMDB0104499 HMDB0104500 HMDB0104598 HMDB0104599 HMDB0104600 HMDB0104601 HMDB0104602 HMDB0104603 HMDB0104604 HMDB0104605 HMDB0104606 HMDB0104607 HMDB0104608 HMDB0104609 HMDB0104706 HMDB0104707 HMDB0104708 HMDB0104709 HMDB0104710 HMDB0104711 HMDB0104712 HMDB0104713 HMDB0104815 HMDB0104816 HMDB0104817 HMDB0104818 HMDB0104819 HMDB0104820 HMDB0104821 HMDB0104822 HMDB0104823 HMDB0104824 HMDB0104825 HMDB0104826 HMDB0104827 HMDB0104828 HMDB0104829 HMDB0104830 HMDB0104831 HMDB0104832 HMDB0104973 HMDB0104974 HMDB0104975 HMDB0104976 HMDB0104977 HMDB0104978 HMDB0104979 HMDB0104980 HMDB0105080 HMDB0105081,0.369898615,107.262,,
TG(16:0_34:1),HMDB0005360 HMDB0005374 HMDB0010416 HMDB0043838 HMDB0043919 HMDB0043946 HMDB0044027 HMDB0044081 HMDB0044109,8.189,532.074,,
TG(16:0_34:2),HMDB0005362 HMDB0005377 HMDB0043844 HMDB0044034 HMDB0044060 HMDB0044087 HMDB0044115 HMDB0044142 HMDB0044249,9.142,425.239,,
TG(16:0_34:3),HMDB0005379 HMDB0010417 HMDB0043839 HMDB0043845 HMDB0043899 HMDB0044040 HMDB0044255 HMDB0044277 HMDB0044310 HMDB0044473,2.892,113.54,,
TG(16:0_34:4),HMDB0043846 HMDB0043852 HMDB0043907 HMDB0044035 HMDB0044041 HMDB0044067 HMDB0044074 HMDB0044170 HMDB0044283 HMDB0044338 HMDB0044479 HMDB0044501,0.3728,15.502,,
TG(16:0_35:1),HMDB0043866,0.142715392,21.347,,
TG(16:0_35:2),HMDB0043872,0.3828,25.254,,
TG(16:0_35:3),HMDB0043867 HMDB0043873,0.2212,9.754,,
TG(16:0_36:2),HMDB0005369 HMDB0005378 HMDB0005382 HMDB0043847 HMDB0043900 HMDB0044036 HMDB0044088 HMDB0044089 HMDB0044116 HMDB0044143 HMDB0044198 HMDB0044250 HMDB0044305,34.012,640.908,,
TG(16:0_36:3),HMDB0005384 HMDB0043895 HMDB0043901 HMDB0043927 HMDB0043934 HMDB0044043 HMDB0044068 HMDB0044094 HMDB0044165 HMDB0044256 HMDB0044257 HMDB0044278 HMDB0044311 HMDB0044333 HMDB0044394 HMDB0044474,49.881,629.156,,
TG(16:0_36:4),HMDB0005363 HMDB0005390 HMDB0043848 HMDB0043908 HMDB0043935 HMDB0044063 HMDB0044069 HMDB0044095 HMDB0044102 HMDB0044123 HMDB0044130 HMDB0044171 HMDB0044284 HMDB0044285 HMDB0044339 HMDB0044361 HMDB0044480 HMDB0044481 HMDB0044502 HMDB0044529,12.904,395.306,,
TG(16:0_36:5),HMDB0005380 HMDB0043849 HMDB0043854 HMDB0043909 HMDB0044044 HMDB0044076 HMDB0044103 HMDB0044131 HMDB0044263 HMDB0044270 HMDB0044290 HMDB0044367 HMDB0044422 HMDB0044486 HMDB0044508 HMDB0044509 HMDB0044535 HMDB0044557,1.888,81.22,,
TG(16:0_36:6),HMDB0043855 HMDB0044045 HMDB0044050 HMDB0044077 HMDB0044271 HMDB0044291 HMDB0044298 HMDB0044450 HMDB0044487 HMDB0044494 HMDB0044514 HMDB0044563 HMDB0044590,0.223,8.155,,
TG(16:0_37:3),HMDB0341521,0.07282237,4.713,,
TG(16:0_38:1),HMDB0005368 HMDB0005381 HMDB0043841 HMDB0043896 HMDB0043948 HMDB0043949 HMDB0043975 HMDB0044002 HMDB0044029 HMDB0044056 HMDB0044083 HMDB0044138 HMDB0044193,0.096386281,4.325,,
TG(16:0_38:2),HMDB0005383 HMDB0005388 HMDB0043903 HMDB0043928 HMDB0043954 HMDB0044037 HMDB0044064 HMDB0044090 HMDB0044144 HMDB0044145 HMDB0044199 HMDB0044226 HMDB0044306 HMDB0044389,0.18650669,10.586,,
TG(16:0_38:3),HMDB0005389 HMDB0043923 HMDB0043929 HMDB0043955 HMDB0043962 HMDB0044071 HMDB0044096 HMDB0044124 HMDB0044150 HMDB0044166 HMDB0044279 HMDB0044312 HMDB0044313 HMDB0044334 HMDB0044395 HMDB0044475,0.987,14.977,,
TG(16:0_38:4),HMDB0005370 HMDB0043904 HMDB0043936 HMDB0043963 HMDB0044091 HMDB0044097 HMDB0044119 HMDB0044125 HMDB0044151 HMDB0044158 HMDB0044172 HMDB0044173 HMDB0044264 HMDB0044286 HMDB0044318 HMDB0044340 HMDB0044341 HMDB0044362 HMDB0044417 HMDB0044482 HMDB0044503 HMDB0044530,1.338,20.529,,
TG(16:0_38:5),HMDB0005385 HMDB0043905 HMDB0043910 HMDB0043937 HMDB0044072 HMDB0044098 HMDB0044104 HMDB0044132 HMDB0044159 HMDB0044178 HMDB0044259 HMDB0044265 HMDB0044292 HMDB0044319 HMDB0044326 HMDB0044346 HMDB0044368 HMDB0044369 HMDB0044423 HMDB0044445 HMDB0044488 HMDB0044510 HMDB0044536 HMDB0044537 HMDB0044558 HMDB0044585,1.72,23.734,,
TG(16:0_38:6),HMDB0005391 HMDB0010418 HMDB0044073 HMDB0044078 HMDB0044105 HMDB0044133 HMDB0044179 HMDB0044186 HMDB0044272 HMDB0044287 HMDB0044293 HMDB0044327 HMDB0044347 HMDB0044354 HMDB0044374 HMDB0044451 HMDB0044483 HMDB0044489 HMDB0044516 HMDB0044542 HMDB0044564 HMDB0044565 HMDB0044591 HMDB0044613,0.997,14.216,,
TG(16:0_38:7),HMDB0044079 HMDB0044187 HMDB0044273 HMDB0044294 HMDB0044300 HMDB0044355 HMDB0044375 HMDB0044382 HMDB0044490 HMDB0044496 HMDB0044511 HMDB0044517 HMDB0044543 HMDB0044550 HMDB0044570 HMDB0044619,0.091358118,5.308,,
TG(16:0_40:6),HMDB0043939 HMDB0044101 HMDB0044106 HMDB0044129 HMDB0044134 HMDB0044161 HMDB0044175 HMDB0044181 HMDB0044268 HMDB0044322 HMDB0044328 HMDB0044343 HMDB0044349 HMDB0044376 HMDB0044411 HMDB0044430 HMDB0044452 HMDB0044453 HMDB0044519 HMDB0044544 HMDB0044566 HMDB0044592 HMDB0044593 HMDB0044614,1.141,11.853,,
TG(16:0_40:7),HMDB0044107 HMDB0044135 HMDB0044182 HMDB0044188 HMDB0044269 HMDB0044274 HMDB0044296 HMDB0044329 HMDB0044350 HMDB0044356 HMDB0044371 HMDB0044377 HMDB0044431 HMDB0044438 HMDB0044458 HMDB0044492 HMDB0044539 HMDB0044545 HMDB0044572 HMDB0044598 HMDB0044620 HMDB0044621,0.758,17.054,,
TG(16:0_40:8),HMDB0005392 HMDB0044189 HMDB0044275 HMDB0044297 HMDB0044302 HMDB0044357 HMDB0044384 HMDB0044439 HMDB0044459 HMDB0044466 HMDB0044493 HMDB0044498 HMDB0044520 HMDB0044546 HMDB0044552 HMDB0044567 HMDB0044573 HMDB0044599 HMDB0044606 HMDB0044626,0.236,9.828,,
TG(16:1_28:0),HMDB0042069,0.079177838,9.706,,
TG(16:1_30:1),HMDB0010419,0.102897844,11.458,,
TG(16:1_32:0),HMDB0048434,0.169338013,53.247,,
TG(16:1_32:1),HMDB0010420,0.192060629,57.857,,
TG(16:1_32:2),HMDB0010422,0.114147184,15.096,,
TG(16:1_33:1),HMDB0048436,0.221553572,6.764,,
TG(16:1_34:0),HMDB0048478,0.09758448,28.751,,
TG(16:1_34:1),HMDB0010423,2.787,171.534,,
TG(16:1_34:2),HMDB0048464,2.934,106.041,,
TG(16:1_34:3),HMDB0048465,0.561,19.093,,
TG(16:1_36:1),HMDB0048460,0.7852,17.253,,
TG(16:1_36:2),HMDB0005425,6.0,74.888,,
TG(16:1_36:3),HMDB0048487,7.73,76.275,,
TG(16:1_36:4),HMDB0048495,2.146,40.233,,
TG(16:1_36:5),HMDB0048627,0.438,10.126,,
TG(16:1_38:3),HMDB0048620,0.169,2.057,,
TG(16:1_38:4),HMDB0048615,0.087306111,2.974,,
TG(16:1_38:5),HMDB0048622,0.223,3.39,,
TG(17:0_32:1),HMDB0011713,0.084360738,6.996,,
TG(17:0_34:1),HMDB0049113,0.3071,14.54,,
TG(17:0_34:2),HMDB0011700,0.4713,9.518,,
TG(17:0_34:3),HMDB0011701,0.043025251,2.824,,
TG(17:0_36:3),HMDB0050323,0.9165,13.125,,
TG(17:0_36:4),HMDB0055545,0.435,6.058,,
TG(17:1_32:1),HMDB0042976,0.070599991,5.709,,
TG(17:1_34:1),HMDB0011700,0.2197,16.89,,
TG(17:1_34:2),HMDB0011701,0.2375,8.618,,
TG(17:1_34:3),HMDB0011702,0.037832231,2.328,,
TG(17:1_36:3),HMDB0055545,0.5897,5.368,,
TG(17:1_36:4),HMDB0043044,0.171,3.996,,
TG(18:0_30:0),HMDB0107858 HMDB0107859 HMDB0107860 HMDB0107861 HMDB0107908 HMDB0107909 HMDB0107910 HMDB0107911 HMDB0107994 HMDB0107995 HMDB0107996 HMDB0107997 HMDB0107998 HMDB0107999 HMDB0108000 HMDB0108001 HMDB0108130 HMDB0108131 HMDB0108132 HMDB0108133 HMDB0108134 HMDB0108135 HMDB0108136 HMDB0108137 HMDB0108138 HMDB0108139 HMDB0108140 HMDB0108141 HMDB0108142 HMDB0108143 HMDB0108144 HMDB0108145 HMDB0108146 HMDB0108147 HMDB0108274 HMDB0108275 HMDB0108276 HMDB0108277 HMDB0108278 HMDB0108279 HMDB0108281 HMDB0108398 HMDB0108399 HMDB0108400 HMDB0108401 HMDB0108402 HMDB0108403 HMDB0108404 HMDB0108405 HMDB0108406 HMDB0108407 HMDB0108408 HMDB0108409 HMDB0108410 HMDB0108411 HMDB0108412 HMDB0108413 HMDB0108414 HMDB0108415 HMDB0108550 HMDB0108551 HMDB0108552 HMDB0108553 HMDB0108554 HMDB0108555 HMDB0108556 HMDB0108557 HMDB0108664 HMDB0108665 HMDB0108666 HMDB0108667 HMDB0108668 HMDB0108669 HMDB0108670 HMDB0108671 HMDB0108672 HMDB0108673 HMDB0108674 HMDB0108675 HMDB0108676 HMDB0108677 HMDB0108678 HMDB0108679 HMDB0108680 HMDB0108681 HMDB0108824 HMDB0108825 HMDB0108826 HMDB0108827 HMDB0109021 HMDB0109022 HMDB0109023 HMDB0109024 HMDB0109305 HMDB0109306 HMDB0109307 HMDB0109308,0.122825055,24.564,,
TG(18:0_30:1),HMDB0010426 HMDB0044726,0.062025709,13.834,,
TG(18:0_32:0),HMDB0010427 HMDB0107862 HMDB0107863 HMDB0107918 HMDB0107919 HMDB0107920 HMDB0107921 HMDB0108010 HMDB0108011 HMDB0108012 HMDB0108013 HMDB0108014 HMDB0108015 HMDB0108016 HMDB0108017 HMDB0108160 HMDB0108161 HMDB0108162 HMDB0108163 HMDB0108164 HMDB0108165 HMDB0108166 HMDB0108167 HMDB0108168 HMDB0108169 HMDB0108170 HMDB0108171 HMDB0108294 HMDB0108295 HMDB0108296 HMDB0108297 HMDB0108298 HMDB0108299 HMDB0108300 HMDB0108301 HMDB0108428 HMDB0108429 HMDB0108430 HMDB0108431 HMDB0108432 HMDB0108433 HMDB0108434 HMDB0108435 HMDB0108436 HMDB0108437 HMDB0108438 HMDB0108439 HMDB0108440 HMDB0108441 HMDB0108442 HMDB0108443 HMDB0108444 HMDB0108445 HMDB0108570 HMDB0108571 HMDB0108572 HMDB0108573 HMDB0108574 HMDB0108575 HMDB0108577 HMDB0108694 HMDB0108695 HMDB0108696 HMDB0108697 HMDB0108698 HMDB0108699 HMDB0108700 HMDB0108701 HMDB0108702 HMDB0108703 HMDB0108704 HMDB0108705 HMDB0108706 HMDB0108707 HMDB0108708 HMDB0108709 HMDB0108710 HMDB0108711 HMDB0108834 HMDB0108835 HMDB0108836 HMDB0108837 HMDB0108917 HMDB0108918 HMDB0108919 HMDB0108920 HMDB0108921 HMDB0108922 HMDB0108923 HMDB0108924 HMDB0108925 HMDB0108926 HMDB0108927 HMDB0108928 HMDB0109025 HMDB0109026 HMDB0109027 HMDB0109028 HMDB0109029 HMDB0109030 HMDB0109031 HMDB0109032 HMDB0109309 HMDB0109310 HMDB0109311 HMDB0109312 HMDB0109419 HMDB0109420,0.215894161,42.517,,
TG(18:0_32:1),HMDB0010428 HMDB0010429 HMDB0044727 HMDB0044753 HMDB0044857,0.115881977,37.449,,
TG(18:0_32:2),HMDB0010430 HMDB0044863 HMDB0044864 HMDB0044889 HMDB0044915 HMDB0044942,0.057024003,14.168,,
TG(18:0_34:2),HMDB0044682 HMDB0044734 HMDB0044865 HMDB0044890 HMDB0044891 HMDB0044916 HMDB0044943 HMDB0044969,1.316,57.854,,
TG(18:0_34:3),HMDB0010432 HMDB0044677 HMDB0044683 HMDB0044735 HMDB0044871 HMDB0044896 HMDB0045078 HMDB0045131,0.4527,11.424,,
TG(18:0_36:1),HMDB0005395 HMDB0010433 HMDB0044678 HMDB0044730 HMDB0044781 HMDB0044807 HMDB0044859 HMDB0044885 HMDB0044911 HMDB0044938,0.242599882,16.906,,
TG(18:0_36:2),HMDB0005397 HMDB0005403 HMDB0044685 HMDB0044736 HMDB0044867 HMDB0044892 HMDB0044917 HMDB0044918 HMDB0044944 HMDB0044970 HMDB0045023 HMDB0045073,2.8,65.368,,
TG(18:0_36:3),HMDB0005405 HMDB0044731 HMDB0044737 HMDB0044762 HMDB0044769 HMDB0044874 HMDB0044898 HMDB0044923 HMDB0045079 HMDB0045080 HMDB0045100 HMDB0045132 HMDB0045212 HMDB0045289,6.014,62.296,,
TG(18:0_36:4),HMDB0005411 HMDB0044686 HMDB0044738 HMDB0044744 HMDB0044770 HMDB0044893 HMDB0044899 HMDB0044924 HMDB0044931 HMDB0044951 HMDB0044958 HMDB0044997 HMDB0045106 HMDB0045107 HMDB0045159 HMDB0045295 HMDB0045296 HMDB0045316,1.731,34.902,,
TG(18:0_36:5),HMDB0044687 HMDB0044692 HMDB0044745 HMDB0044875 HMDB0044900 HMDB0044906 HMDB0044932 HMDB0044959 HMDB0045086 HMDB0045093 HMDB0045112 HMDB0045186 HMDB0045239 HMDB0045301 HMDB0045322 HMDB0045323 HMDB0045348,0.365,8.165,,
TG(18:0_38:6),HMDB0005412 HMDB0044747 HMDB0044903 HMDB0044908 HMDB0044934 HMDB0044961 HMDB0045005 HMDB0045012 HMDB0045095 HMDB0045109 HMDB0045115 HMDB0045148 HMDB0045167 HMDB0045174 HMDB0045193 HMDB0045267 HMDB0045298 HMDB0045304 HMDB0045330 HMDB0045355 HMDB0045376 HMDB0045377 HMDB0045402,0.372,4.744,,
TG(18:0_38:7),HMDB0044909 HMDB0045013 HMDB0045096 HMDB0045116 HMDB0045122 HMDB0045175 HMDB0045194 HMDB0045201 HMDB0045305 HMDB0045311 HMDB0045325 HMDB0045331 HMDB0045356 HMDB0045363 HMDB0045382 HMDB0045429,0.04825358,2.065,,
TG(18:1_26:0),HMDB0042069,0.087398254,15.966,,
TG(18:1_28:1),HMDB0042076,0.113935398,14.772,,
TG(18:1_30:0),HMDB0044726,0.6013,151.503,,
TG(18:1_30:1),HMDB0005376,0.4965,83.753,,
TG(18:1_30:2),HMDB0042543,0.2261,33.1,,
TG(18:1_31:0),HMDB0011713,0.336205617,26.728,,
TG(18:1_32:0),HMDB0049092,4.743,323.191,,
TG(18:1_32:1),HMDB0010434,6.588,325.545,,
TG(18:1_32:2),HMDB0010436,3.268,99.043,,
TG(18:1_32:3),HMDB0049079,0.4314,14.877,,
TG(18:1_33:0),HMDB0049113,0.1981,22.311,,
TG(18:1_33:1),HMDB0049094,0.8471,41.874,,
TG(18:1_33:2),HMDB0049099,0.6075,15.229,,
TG(18:1_34:1),HMDB0010437,57.445,1087.38,,
TG(18:1_34:2),HMDB0010439,53.531,627.813,,
TG(18:1_34:3),HMDB0049121,11.37,119.317,,
TG(18:1_34:4),HMDB0049129,1.099,14.983,,
TG(18:1_35:2),HMDB0049101,1.248,18.753,,
TG(18:1_35:3),HMDB0049096,0.537,5.967,,
TG(18:1_36:0),HMDB0049155,0.445078647,18.152,,
TG(18:1_36:1),HMDB0049116,7.647,134.987,,
TG(18:1_36:2),HMDB0010447,26.99,357.547,,
TG(18:1_36:3),HMDB0049142,26.62,354.742,,
TG(18:1_36:4),HMDB0049150,7.703,182.322,,
TG(18:1_36:5),HMDB0049276,1.775,61.05,,
TG(18:1_36:6),HMDB0049402,0.115851248,7.333,,
TG(18:1_38:5),HMDB0049390,2.676,20.768,,
TG(18:1_38:6),HMDB0049397,1.28,15.053,,
TG(18:1_38:7),HMDB0049423,0.159771922,4.737,,
TG(18:2_28:0),HMDB0042076,0.062821899,34.2,,
TG(18:2_30:0),HMDB0005376,0.6797,85.064,,
TG(18:2_30:1),HMDB0042543,0.3565,40.5,,
TG(18:2_31:0),HMDB0042976,0.195089535,15.518,,
TG(18:2_32:0),HMDB0052410,4.232,168.636,,
TG(18:2_32:1),HMDB0052515,5.204,172.512,,
TG(18:2_32:2),HMDB0010470,2.507,75.762,,
TG(18:2_33:0),HMDB0052425,0.2089,10.662,,
TG(18:2_33:1),HMDB0011701,0.6155,20.87,,
TG(18:2_33:2),HMDB0052411,0.404,10.17,,
TG(18:2_34:0),HMDB0052440,4.865,91.402,,
TG(18:2_34:1),HMDB0052530,46.73,577.451,,
TG(18:2_34:2),HMDB0052426,21.228,592.404,,
TG(18:2_34:3),HMDB0052427,3.296,116.521,,
TG(18:2_34:4),HMDB0052435,0.387,13.831,,
TG(18:2_35:1),HMDB0050323,0.8852,13.373,,
TG(18:2_35:2),HMDB0052413,0.991,12.113,,
TG(18:2_35:3),HMDB0052414,0.262,5.092,,
TG(18:2_36:0),HMDB0052455,0.313315189,10.4,,
TG(18:2_36:1),HMDB0052545,6.977,70.173,,
TG(18:2_36:2),HMDB0052441,14.908,193.568,,
TG(18:2_36:3),HMDB0052442,6.828,254.277,,
TG(18:2_36:4),HMDB0052450,2.29,180.31,,
TG(18:2_36:5),HMDB0052540,0.465,60.801,,
TG(18:2_38:4),HMDB0052445,0.979,12.648,,
TG(18:2_38:5),HMDB0052452,1.139,17.635,,
TG(18:2_38:6),HMDB0052542,0.44,11.777,,
TG(18:3_30:0),HMDB0042543,0.0677054,11.741,,
TG(18:3_32:0),HMDB0052858,0.323,22.529,,
TG(18:3_32:1),HMDB0052956,0.5006,24.28,,
TG(18:3_34:0),HMDB0052886,0.5129,12.702,,
TG(18:3_34:1),HMDB0052970,4.669,96.843,,
TG(18:3_34:2),HMDB0052846,2.934,88.186,,
TG(18:3_34:3),HMDB0052847,0.502,18.124,,
TG(18:3_36:1),HMDB0052998,0.649,9.971,,
TG(18:3_36:2),HMDB0053068,2.382,41.926,,
TG(18:3_36:3),HMDB0052887,1.519,65.524,,
TG(18:3_36:4),HMDB0052895,0.486,43.013,,
TG(18:3_38:5),HMDB0052979,0.174,4.098,,
TG(18:3_38:6),HMDB0053063,0.060875384,2.25,,
TG(20:0_32:3),HMDB0045489 HMDB0045496 HMDB0045670 HMDB0045870,0.1307,1.997,,
TG(20:0_32:4),HMDB0045497 HMDB0045671 HMDB0045678 HMDB0045896 HMDB0046078,0.066014205,2.911,,
TG(20:0_34:1),HMDB0045484 HMDB0045534 HMDB0045535 HMDB0045559 HMDB0045584 HMDB0045659,0.087027875,5.264,,
TG(20:1_30:1),HMDB0044249,0.042315014,0.955,,
TG(20:1_32:1),HMDB0050451,0.04666552,3.286,,
TG(20:1_32:2),HMDB0050304,0.053576984,1.562,,
TG(20:1_32:3),HMDB0050305,0.051018878,1.09,,
TG(20:1_34:0),HMDB0050356,0.058222226,2.219,,
TG(20:1_34:1),HMDB0050470,0.4805,9.969,,
TG(20:1_34:2),HMDB0050342,0.336,5.592,,
TG(20:1_34:3),HMDB0050343,0.06168487,1.19,,
TG(20:2_32:0),HMDB0053276,0.073544166,3.194,,
TG(20:2_32:1),HMDB0053367,0.0827935,3.982,,
TG(20:2_34:1),HMDB0053380,0.552,9.818,,
TG(20:2_34:2),HMDB0005455,0.506,7.864,,
TG(20:2_34:3),HMDB0053296,0.058633649,2.518,,
TG(20:3_32:0),HMDB0050886,0.039208688,6.603,,
TG(20:3_32:1),HMDB0051012,0.1277,7.373,,
TG(20:3_32:2),HMDB0050872,0.03391335,2.501,,
TG(20:3_34:0),HMDB0050922,0.1138,3.289,,
TG(20:3_34:1),HMDB0051030,0.784,22.1,,
TG(20:3_34:2),HMDB0050908,0.836,15.787,,
TG(20:3_34:3),HMDB0050909,0.162,3.748,,
TG(20:3_36:3),HMDB0050905,0.475,6.631,,
TG(20:3_36:4),HMDB0050912,0.295,4.834,,
TG(20:4_30:0),HMDB0042633,0.027100275,8.232,,
TG(20:4_32:0),HMDB0054022,0.2877,18.967,,
TG(20:4_32:1),HMDB0054099,0.3392,17.391,,
TG(20:4_32:2),HMDB0048751,0.1672,4.662,,
TG(20:4_34:0),HMDB0054044,0.3886,9.173,,
TG(20:4_34:1),HMDB0054110,3.222,49.311,,
TG(20:4_34:2),HMDB0010418,2.813,44.105,,
TG(20:4_34:3),HMDB0010519,0.549,8.381,,
TG(20:4_36:2),HMDB0054187,3.016,23.533,,
TG(20:4_36:3),HMDB0010521,2.072,20.042,,
TG(20:4_36:4),HMDB0054050,0.726,11.63,,
TG(20:5_34:0),HMDB0055696,0.1189,3.633,,
TG(20:5_34:1),HMDB0055720,0.602,19.779,,
TG(20:5_34:2),HMDB0005447,0.424,18.455,,
TG(20:5_36:2),HMDB0055748,0.461,11.851,,
TG(20:5_36:3),HMDB0055752,0.090414841,11.006,,
TG(22:4_34:2),HMDB0046908,0.168,5.127,,
TG(22:5_32:0),HMDB0054916,0.1521,4.161,,
TG(22:5_32:1),HMDB0054972,0.1919,3.994,,
TG(22:5_34:1),HMDB0054980,1.628,16.579,,
TG(22:5_34:2),HMDB0005462,1.216,16.369,,
TG(22:6_32:0),HMDB0055894,0.278,11.577,,
TG(22:6_32:1),HMDB0055908,0.324,15.943,,
TG(22:6_34:1),HMDB0055910,1.677,49.666,,
TG(22:6_34:2),HMDB0005392,0.839,36.613,,
Hex3Cer(d18:1/24:1),HMDB0004883,0.100241971,1.142,,
HexCer(d18:1/18:0),HMDB0004972,0.04242542,0.402,,
HexCer(d18:1/18:1),HMDB0004970,0.019607184,0.208,,
HexCer(d18:1/20:0),HMDB0004973,0.057814143,0.6705,,
HexCer(d18:1/22:0),HMDB0004974,1.525,7.338,,
HexCer(d18:1/24:0),HMDB0004978,0.938,3.652,,
HexCer(d18:1/24:1),HMDB0004975,1.73,12.185,,
HexCer(d18:1/26:0),HMDB0004977,0.019230354,0.518,,
HexCer(d18:1/26:1),HMDB0004976,0.021572527,0.204,,
